{"cameraMode":{"drawMode":0,"name":"Shaded","section":"Shading Mode"},"sceneLighting":true,"audioPlay":false,"sceneViewState":{"showFog":true,"showMaterialUpdate":true,"showSkybox":true,"showFlares":true,"showImageEffects":true,"showParticleSystems":true},"in2DMode":false,"pivot":{"x":341.0860290527344,"y":127.15869140625,"z":200.21572875976563},"rotation":{"x":0.2452927678823471,"y":0.0017031022580340505,"z":-0.0006132078124210238,"w":0.9695345163345337},"size":295.5331726074219,"orthographic":false}