{"cameraMode":{"drawMode":0,"name":"Shaded","section":"Shading Mode"},"sceneLighting":false,"audioPlay":false,"sceneViewState":{"showFog":true,"showMaterialUpdate":true,"showSkybox":false,"showFlares":true,"showImageEffects":true,"showParticleSystems":true},"in2DMode":false,"pivot":{"x":2.908413887023926,"y":-5.695188999176025,"z":-5.568846225738525},"rotation":{"x":-0.034706246107816699,"y":0.9653185606002808,"z":-0.18824641406536103,"w":-0.17774786055088044},"size":0.4114837944507599,"orthographic":false}